Node;Latitude;Longitude;Bairro;Geo_origem;Pontuacao_media;Impactado;Estressado;Total;Portas_coletadas
BL_RGD022_25_26;-32.08180418725981;-52.15654546998634;Vila São Miguel / entorno;BL_RGD022;100.0;0;0;16;1
BL_RGD023;-32.07045524258463;-52.15151034658286;Vila São Miguel / entorno;BL_RGD023;81.0;2;1;31;1
BL_RGD027;-32.06518062504131;-52.145966163659814;Vila São Miguel / entorno;BL_RGD027;100.0;0;0;16;1
CASAA;-32.181101454545455;-52.15225490909091;Cassino;CASAA;86.5;11;11;306;4
CASAB;-32.189798;-52.164212625000005;Cassino;CASAB;82.3;14;12;299;3
CASAC;-32.184732875;-52.16946625;Cassino;CASAC;73.5;40;45;337;4
CASAD;-32.18043921428572;-52.16686807142857;Cassino;CASAD;87.2;6;39;351;4
CASAE;-32.176237923076926;-52.16549315384616;Cassino;CASAE;88.2;4;8;290;4
CASAF;-32.175823933333334;-52.156359599999995;Cassino;CASAF;88.0;5;21;391;4
CASAG;-32.18065027272728;-52.15740209090909;Cassino;CASAG;90.8;4;3;258;4
CDNAAA;-32.03270942380531;-52.109279185177535;Centro / entorno;CDNAAA;83.2;5;5;120;4
CDNAAB;-32.03181630921594;-52.10667184339557;Centro / entorno;CDNAAB;83.5;4;10;142;2
CDNABA;-32.045421408842216;-52.11643715109376;Lagoa / entorno;CDNABA;79.7;12;12;146;3
CDNABB;-32.05063685821321;-52.11565166246525;Lagoa / entorno;CDNABB;86.2;11;20;323;4
CDNAC;-32.04871283333333;-52.107739333333335;Lagoa / entorno;CDNAC;86.8;4;27;357;5
CDNAD;-32.03909916;-52.11324696;Centro / entorno;CDNAD;72.2;53;70;470;4
CDNAEA;-32.03897633726216;-52.11383294680499;Centro / entorno;CDNAEA;94.0;1;2;224;2
CDNAEB;-32.037827516677616;-52.11685722199372;Centro / entorno;CDNAEB;0.0;0;0;236;4
CDNAFA;-32.04484849514796;-52.11945539053729;Lagoa / entorno;CDNAFA;67.2;9;15;299;4
CDNAFB;-32.042984403104604;-52.115111280615196;Lagoa / entorno;CDNAFB;94.0;1;2;202;2
CDNAG;-32.0379026875;-52.108343312500004;Centro / entorno;CDNAG;86.2;9;13;391;4
CDNAHA;-32.052647007413995;-52.1293808305823;Vila Junção / Lagoa;CDNAHA;84.0;82;57;315;4
CDNAHB;-32.05084894926648;-52.13379415565796;Vila Junção / Lagoa;CDNAHB;87.5;6;30;304;4
CDNAIA;-32.04682733892339;-52.1284717295939;Lagoa / entorno;CDNAIA;74.2;4;15;417;4
CDNAIB;-32.04616091775819;-52.12237619517257;Lagoa / entorno;CDNAIB;90.2;4;0;216;4
CDNAJA;-32.0429859023592;-52.127917094823324;Lagoa / entorno;CDNAJA;5.0;7;4;248;4
CDNAJB;-32.04111623144326;-52.122162282493704;Lagoa / entorno;CDNAJB;0.0;0;0;338;4
CNTAAA;-32.03364023943695;-52.09101153477868;Vila Militar / entorno;CNTAAA;81.2;14;21;368;4
CNTAAB;-32.03199115937007;-52.09446776725207;Vila Militar / entorno;CNTAAB;88.0;3;2;149;2
CNTAB;-32.030123950000004;-52.1024175;Centro / entorno;CNTAB;88.2;7;28;377;4
CNTAC;-32.03279057142857;-52.095536428571435;Centro / entorno;CNTAC;83.8;19;61;563;4
CNTAD;-32.03506019230769;-52.0981005;Centro / entorno;CNTAD;70.5;23;20;676;4
CNTAEA;-32.03604093333333;-52.10479256666667;Centro / entorno;CNTAE;88.0;9;15;404;3
CNTAEB;-32.03604093333333;-52.10479256666667;Centro / entorno;CNTAE;96.0;1;0;177;2
CNTAF;-32.039559652173914;-52.10002591304348;Centro / entorno;CNTAF;62.8;0;2;356;4
CNTAG;-32.039211586206896;-52.0873748275862;Vila Militar / entorno;CNTAG;44.2;4;5;355;4
CNTAHA;-32.043844373016896;-52.09720899215716;Centro / entorno;CNTAHA;95.2;1;4;190;4
CNTAHB;-32.04489262220133;-52.09436193189644;Vila Militar / entorno;CNTAHB;0.0;0;0;203;2
CNTAI;-32.03218883333333;-52.08438294444445;Vila Militar / entorno;CNTAI;76.0;1;3;153;4
JUNAAA;-32.05187427732309;-52.122362490003844;Vila Junção / Lagoa;JUNAAA;96.8;1;3;134;4
JUNAAB;-32.060264819135135;-52.14127752190764;Vila Junção / Lagoa;JUNAAB;87.5;5;15;198;2
JUNABA;-32.05481631603531;-52.13898975030529;Vila Junção / Lagoa;JUNABA;73.8;39;14;310;4
JUNABB;-32.05397876313208;-52.139703358523356;Vila Junção / Lagoa;JUNABB;93.0;2;4;123;2
JUNACA;-32.0522888692917;-52.14046248365887;Vila Junção / Lagoa;JUNACA;86.2;13;21;487;4
JUNACB;-32.04960303438378;-52.146573500088905;Vila Junção / Lagoa;JUNACB;88.0;4;3;129;3
JUNAD;-32.05882515995588;-52.13922340373769;Vila Junção / Lagoa;JUNAD;100.0;0;0;31;1
TRVAAA;-32.10676657736914;-52.175157557689275;Parque Residencial São Pedro;TRVAAA;74.2;2;7;375;4
TRVAAB;-32.11024645185507;-52.17437017466357;Parque Residencial São Pedro;TRVAAB;92.8;2;7;231;4
TRVABA;-32.09970939424058;-52.1870110398605;Parque Marinha;TRVABA;89.7;2;2;64;3
TRVABA3;-32.09970939424058;-52.1870110398605;Parque Marinha;TRVABA;23.0;0;0;10;1
TRVABB;-32.10134494508828;-52.183537535633015;Parque Marinha;TRVABB;88.0;3;10;241;2
TRVABC;-32.096056117376484;-52.18386444979323;Parque Marinha;TRVABC;84.5;10;14;229;4
TRVACA;-32.09861988140687;-52.18109507506217;Parque Marinha;TRVACA;88.0;2;4;61;4
TRVACB;-32.09517554233788;-52.17781182398977;Parque Marinha;TRVACB;85.0;6;3;218;3
TRVACC;-32.092000872273154;-52.179551997080075;Parque Marinha;TRVACC;90.2;1;4;54;4
TRVACD;-32.092000872273154;-52.179551997080075;Parque Marinha;TRVACC;91.0;1;0;25;2
TRVAD;-32.101174;-52.17055928571428;Parque Marinha;TRVAD;80.2;1;1;195;4
TRVAE;-32.0956966;-52.159468000000004;Parque Marinha;TRVAE;80.5;13;9;190;2
CNTAA;-32.03184247619048;-52.09107380952381;Vila Militar / entorno;CNTAA;;0;0;0;0
